num,url
2017-02-27,http://www.cninfo.com.cn/search/search.jsp?noticeType=010301&startTime=2017-02-27&endTime=2017-02-27&pageNo=
2017-02-28,http://www.cninfo.com.cn/search/search.jsp?noticeType=010301&startTime=2017-02-28&endTime=2017-02-28&pageNo=
2017-03-01,http://www.cninfo.com.cn/search/search.jsp?noticeType=010301&startTime=2017-03-01&endTime=2017-03-01&pageNo=
2017-03-02,http://www.cninfo.com.cn/search/search.jsp?noticeType=010301&startTime=2017-03-02&endTime=2017-03-02&pageNo=
2017-03-03,http://www.cninfo.com.cn/search/search.jsp?noticeType=010301&startTime=2017-03-03&endTime=2017-03-03&pageNo=
2017-03-04,http://www.cninfo.com.cn/search/search.jsp?noticeType=010301&startTime=2017-03-04&endTime=2017-03-04&pageNo=
2017-03-05,http://www.cninfo.com.cn/search/search.jsp?noticeType=010301&startTime=2017-03-05&endTime=2017-03-05&pageNo=
2017-03-06,http://www.cninfo.com.cn/search/search.jsp?noticeType=010301&startTime=2017-03-06&endTime=2017-03-06&pageNo=
2017-03-07,http://www.cninfo.com.cn/search/search.jsp?noticeType=010301&startTime=2017-03-07&endTime=2017-03-07&pageNo=
2017-03-08,http://www.cninfo.com.cn/search/search.jsp?noticeType=010301&startTime=2017-03-08&endTime=2017-03-08&pageNo=
2017-03-09,http://www.cninfo.com.cn/search/search.jsp?noticeType=010301&startTime=2017-03-09&endTime=2017-03-09&pageNo=
2017-03-10,http://www.cninfo.com.cn/search/search.jsp?noticeType=010301&startTime=2017-03-10&endTime=2017-03-10&pageNo=
2017-03-11,http://www.cninfo.com.cn/search/search.jsp?noticeType=010301&startTime=2017-03-11&endTime=2017-03-11&pageNo=
2017-03-12,http://www.cninfo.com.cn/search/search.jsp?noticeType=010301&startTime=2017-03-12&endTime=2017-03-12&pageNo=
2017-03-13,http://www.cninfo.com.cn/search/search.jsp?noticeType=010301&startTime=2017-03-13&endTime=2017-03-13&pageNo=
2017-03-14,http://www.cninfo.com.cn/search/search.jsp?noticeType=010301&startTime=2017-03-14&endTime=2017-03-14&pageNo=
2017-03-15,http://www.cninfo.com.cn/search/search.jsp?noticeType=010301&startTime=2017-03-15&endTime=2017-03-15&pageNo=
2017-03-16,http://www.cninfo.com.cn/search/search.jsp?noticeType=010301&startTime=2017-03-16&endTime=2017-03-16&pageNo=
2017-03-17,http://www.cninfo.com.cn/search/search.jsp?noticeType=010301&startTime=2017-03-17&endTime=2017-03-17&pageNo=
2017-03-18,http://www.cninfo.com.cn/search/search.jsp?noticeType=010301&startTime=2017-03-18&endTime=2017-03-18&pageNo=
2017-03-19,http://www.cninfo.com.cn/search/search.jsp?noticeType=010301&startTime=2017-03-19&endTime=2017-03-19&pageNo=
2017-03-20,http://www.cninfo.com.cn/search/search.jsp?noticeType=010301&startTime=2017-03-20&endTime=2017-03-20&pageNo=
2017-03-21,http://www.cninfo.com.cn/search/search.jsp?noticeType=010301&startTime=2017-03-21&endTime=2017-03-21&pageNo=
2017-03-22,http://www.cninfo.com.cn/search/search.jsp?noticeType=010301&startTime=2017-03-22&endTime=2017-03-22&pageNo=
2017-03-23,http://www.cninfo.com.cn/search/search.jsp?noticeType=010301&startTime=2017-03-23&endTime=2017-03-23&pageNo=
2017-03-24,http://www.cninfo.com.cn/search/search.jsp?noticeType=010301&startTime=2017-03-24&endTime=2017-03-24&pageNo=
2017-03-25,http://www.cninfo.com.cn/search/search.jsp?noticeType=010301&startTime=2017-03-25&endTime=2017-03-25&pageNo=
2017-03-26,http://www.cninfo.com.cn/search/search.jsp?noticeType=010301&startTime=2017-03-26&endTime=2017-03-26&pageNo=
2017-03-27,http://www.cninfo.com.cn/search/search.jsp?noticeType=010301&startTime=2017-03-27&endTime=2017-03-27&pageNo=
2017-03-28,http://www.cninfo.com.cn/search/search.jsp?noticeType=010301&startTime=2017-03-28&endTime=2017-03-28&pageNo=
2017-03-29,http://www.cninfo.com.cn/search/search.jsp?noticeType=010301&startTime=2017-03-29&endTime=2017-03-29&pageNo=
2017-03-30,http://www.cninfo.com.cn/search/search.jsp?noticeType=010301&startTime=2017-03-30&endTime=2017-03-30&pageNo=
2017-03-31,http://www.cninfo.com.cn/search/search.jsp?noticeType=010301&startTime=2017-03-31&endTime=2017-03-31&pageNo=
2017-04-01,http://www.cninfo.com.cn/search/search.jsp?noticeType=010301&startTime=2017-04-01&endTime=2017-04-01&pageNo=
2017-04-02,http://www.cninfo.com.cn/search/search.jsp?noticeType=010301&startTime=2017-04-02&endTime=2017-04-02&pageNo=
2017-04-03,http://www.cninfo.com.cn/search/search.jsp?noticeType=010301&startTime=2017-04-03&endTime=2017-04-03&pageNo=
2017-04-04,http://www.cninfo.com.cn/search/search.jsp?noticeType=010301&startTime=2017-04-04&endTime=2017-04-04&pageNo=
2017-04-05,http://www.cninfo.com.cn/search/search.jsp?noticeType=010301&startTime=2017-04-05&endTime=2017-04-05&pageNo=
2017-04-06,http://www.cninfo.com.cn/search/search.jsp?noticeType=010301&startTime=2017-04-06&endTime=2017-04-06&pageNo=
2017-04-07,http://www.cninfo.com.cn/search/search.jsp?noticeType=010301&startTime=2017-04-07&endTime=2017-04-07&pageNo=
2017-04-08,http://www.cninfo.com.cn/search/search.jsp?noticeType=010301&startTime=2017-04-08&endTime=2017-04-08&pageNo=
2017-04-09,http://www.cninfo.com.cn/search/search.jsp?noticeType=010301&startTime=2017-04-09&endTime=2017-04-09&pageNo=
2017-04-10,http://www.cninfo.com.cn/search/search.jsp?noticeType=010301&startTime=2017-04-10&endTime=2017-04-10&pageNo=
2017-04-11,http://www.cninfo.com.cn/search/search.jsp?noticeType=010301&startTime=2017-04-11&endTime=2017-04-11&pageNo=
2017-04-12,http://www.cninfo.com.cn/search/search.jsp?noticeType=010301&startTime=2017-04-12&endTime=2017-04-12&pageNo=
2017-04-13,http://www.cninfo.com.cn/search/search.jsp?noticeType=010301&startTime=2017-04-13&endTime=2017-04-13&pageNo=
2017-04-14,http://www.cninfo.com.cn/search/search.jsp?noticeType=010301&startTime=2017-04-14&endTime=2017-04-14&pageNo=
2017-04-15,http://www.cninfo.com.cn/search/search.jsp?noticeType=010301&startTime=2017-04-15&endTime=2017-04-15&pageNo=
2017-04-16,http://www.cninfo.com.cn/search/search.jsp?noticeType=010301&startTime=2017-04-16&endTime=2017-04-16&pageNo=
2017-04-17,http://www.cninfo.com.cn/search/search.jsp?noticeType=010301&startTime=2017-04-17&endTime=2017-04-17&pageNo=
2017-04-18,http://www.cninfo.com.cn/search/search.jsp?noticeType=010301&startTime=2017-04-18&endTime=2017-04-18&pageNo=
2017-04-19,http://www.cninfo.com.cn/search/search.jsp?noticeType=010301&startTime=2017-04-19&endTime=2017-04-19&pageNo=
2017-04-20,http://www.cninfo.com.cn/search/search.jsp?noticeType=010301&startTime=2017-04-20&endTime=2017-04-20&pageNo=
2017-04-21,http://www.cninfo.com.cn/search/search.jsp?noticeType=010301&startTime=2017-04-21&endTime=2017-04-21&pageNo=
2017-04-22,http://www.cninfo.com.cn/search/search.jsp?noticeType=010301&startTime=2017-04-22&endTime=2017-04-22&pageNo=
2017-04-23,http://www.cninfo.com.cn/search/search.jsp?noticeType=010301&startTime=2017-04-23&endTime=2017-04-23&pageNo=
2017-04-24,http://www.cninfo.com.cn/search/search.jsp?noticeType=010301&startTime=2017-04-24&endTime=2017-04-24&pageNo=
2017-04-25,http://www.cninfo.com.cn/search/search.jsp?noticeType=010301&startTime=2017-04-25&endTime=2017-04-25&pageNo=
2017-04-26,http://www.cninfo.com.cn/search/search.jsp?noticeType=010301&startTime=2017-04-26&endTime=2017-04-26&pageNo=
2017-04-27,http://www.cninfo.com.cn/search/search.jsp?noticeType=010301&startTime=2017-04-27&endTime=2017-04-27&pageNo=
2017-04-28,http://www.cninfo.com.cn/search/search.jsp?noticeType=010301&startTime=2017-04-28&endTime=2017-04-28&pageNo=
2017-04-29,http://www.cninfo.com.cn/search/search.jsp?noticeType=010301&startTime=2017-04-29&endTime=2017-04-29&pageNo=
2017-04-30,http://www.cninfo.com.cn/search/search.jsp?noticeType=010301&startTime=2017-04-30&endTime=2017-04-30&pageNo=
2017-05-01,http://www.cninfo.com.cn/search/search.jsp?noticeType=010301&startTime=2017-05-01&endTime=2017-05-01&pageNo=
2017-05-02,http://www.cninfo.com.cn/search/search.jsp?noticeType=010301&startTime=2017-05-02&endTime=2017-05-02&pageNo=
2017-05-03,http://www.cninfo.com.cn/search/search.jsp?noticeType=010301&startTime=2017-05-03&endTime=2017-05-03&pageNo=
2017-05-04,http://www.cninfo.com.cn/search/search.jsp?noticeType=010301&startTime=2017-05-04&endTime=2017-05-04&pageNo=
2017-05-05,http://www.cninfo.com.cn/search/search.jsp?noticeType=010301&startTime=2017-05-05&endTime=2017-05-05&pageNo=
2017-05-06,http://www.cninfo.com.cn/search/search.jsp?noticeType=010301&startTime=2017-05-06&endTime=2017-05-06&pageNo=
2017-05-07,http://www.cninfo.com.cn/search/search.jsp?noticeType=010301&startTime=2017-05-07&endTime=2017-05-07&pageNo=
2017-05-08,http://www.cninfo.com.cn/search/search.jsp?noticeType=010301&startTime=2017-05-08&endTime=2017-05-08&pageNo=
2017-05-09,http://www.cninfo.com.cn/search/search.jsp?noticeType=010301&startTime=2017-05-09&endTime=2017-05-09&pageNo=
2017-05-10,http://www.cninfo.com.cn/search/search.jsp?noticeType=010301&startTime=2017-05-10&endTime=2017-05-10&pageNo=
2017-05-11,http://www.cninfo.com.cn/search/search.jsp?noticeType=010301&startTime=2017-05-11&endTime=2017-05-11&pageNo=
2017-05-12,http://www.cninfo.com.cn/search/search.jsp?noticeType=010301&startTime=2017-05-12&endTime=2017-05-12&pageNo=
2017-05-13,http://www.cninfo.com.cn/search/search.jsp?noticeType=010301&startTime=2017-05-13&endTime=2017-05-13&pageNo=
2017-05-14,http://www.cninfo.com.cn/search/search.jsp?noticeType=010301&startTime=2017-05-14&endTime=2017-05-14&pageNo=
2017-05-15,http://www.cninfo.com.cn/search/search.jsp?noticeType=010301&startTime=2017-05-15&endTime=2017-05-15&pageNo=
2017-05-16,http://www.cninfo.com.cn/search/search.jsp?noticeType=010301&startTime=2017-05-16&endTime=2017-05-16&pageNo=
2017-05-17,http://www.cninfo.com.cn/search/search.jsp?noticeType=010301&startTime=2017-05-17&endTime=2017-05-17&pageNo=
2017-05-18,http://www.cninfo.com.cn/search/search.jsp?noticeType=010301&startTime=2017-05-18&endTime=2017-05-18&pageNo=
2017-05-19,http://www.cninfo.com.cn/search/search.jsp?noticeType=010301&startTime=2017-05-19&endTime=2017-05-19&pageNo=
2017-05-20,http://www.cninfo.com.cn/search/search.jsp?noticeType=010301&startTime=2017-05-20&endTime=2017-05-20&pageNo=
2017-05-21,http://www.cninfo.com.cn/search/search.jsp?noticeType=010301&startTime=2017-05-21&endTime=2017-05-21&pageNo=
2017-05-22,http://www.cninfo.com.cn/search/search.jsp?noticeType=010301&startTime=2017-05-22&endTime=2017-05-22&pageNo=
2017-05-23,http://www.cninfo.com.cn/search/search.jsp?noticeType=010301&startTime=2017-05-23&endTime=2017-05-23&pageNo=
2017-05-24,http://www.cninfo.com.cn/search/search.jsp?noticeType=010301&startTime=2017-05-24&endTime=2017-05-24&pageNo=
2017-05-25,http://www.cninfo.com.cn/search/search.jsp?noticeType=010301&startTime=2017-05-25&endTime=2017-05-25&pageNo=
2017-05-26,http://www.cninfo.com.cn/search/search.jsp?noticeType=010301&startTime=2017-05-26&endTime=2017-05-26&pageNo=
2017-05-27,http://www.cninfo.com.cn/search/search.jsp?noticeType=010301&startTime=2017-05-27&endTime=2017-05-27&pageNo=
2017-05-28,http://www.cninfo.com.cn/search/search.jsp?noticeType=010301&startTime=2017-05-28&endTime=2017-05-28&pageNo=
2017-05-29,http://www.cninfo.com.cn/search/search.jsp?noticeType=010301&startTime=2017-05-29&endTime=2017-05-29&pageNo=
2017-05-30,http://www.cninfo.com.cn/search/search.jsp?noticeType=010301&startTime=2017-05-30&endTime=2017-05-30&pageNo=
2017-05-31,http://www.cninfo.com.cn/search/search.jsp?noticeType=010301&startTime=2017-05-31&endTime=2017-05-31&pageNo=
2017-06-01,http://www.cninfo.com.cn/search/search.jsp?noticeType=010301&startTime=2017-06-01&endTime=2017-06-01&pageNo=
2017-06-02,http://www.cninfo.com.cn/search/search.jsp?noticeType=010301&startTime=2017-06-02&endTime=2017-06-02&pageNo=
2017-06-03,http://www.cninfo.com.cn/search/search.jsp?noticeType=010301&startTime=2017-06-03&endTime=2017-06-03&pageNo=
2017-06-04,http://www.cninfo.com.cn/search/search.jsp?noticeType=010301&startTime=2017-06-04&endTime=2017-06-04&pageNo=
2017-06-05,http://www.cninfo.com.cn/search/search.jsp?noticeType=010301&startTime=2017-06-05&endTime=2017-06-05&pageNo=
2017-06-06,http://www.cninfo.com.cn/search/search.jsp?noticeType=010301&startTime=2017-06-06&endTime=2017-06-06&pageNo=
2017-06-07,http://www.cninfo.com.cn/search/search.jsp?noticeType=010301&startTime=2017-06-07&endTime=2017-06-07&pageNo=
2017-06-08,http://www.cninfo.com.cn/search/search.jsp?noticeType=010301&startTime=2017-06-08&endTime=2017-06-08&pageNo=
2017-06-09,http://www.cninfo.com.cn/search/search.jsp?noticeType=010301&startTime=2017-06-09&endTime=2017-06-09&pageNo=
2017-06-10,http://www.cninfo.com.cn/search/search.jsp?noticeType=010301&startTime=2017-06-10&endTime=2017-06-10&pageNo=
2017-06-11,http://www.cninfo.com.cn/search/search.jsp?noticeType=010301&startTime=2017-06-11&endTime=2017-06-11&pageNo=
2017-06-12,http://www.cninfo.com.cn/search/search.jsp?noticeType=010301&startTime=2017-06-12&endTime=2017-06-12&pageNo=
2017-06-13,http://www.cninfo.com.cn/search/search.jsp?noticeType=010301&startTime=2017-06-13&endTime=2017-06-13&pageNo=
2017-06-14,http://www.cninfo.com.cn/search/search.jsp?noticeType=010301&startTime=2017-06-14&endTime=2017-06-14&pageNo=
2017-06-15,http://www.cninfo.com.cn/search/search.jsp?noticeType=010301&startTime=2017-06-15&endTime=2017-06-15&pageNo=
2017-06-16,http://www.cninfo.com.cn/search/search.jsp?noticeType=010301&startTime=2017-06-16&endTime=2017-06-16&pageNo=
2017-06-17,http://www.cninfo.com.cn/search/search.jsp?noticeType=010301&startTime=2017-06-17&endTime=2017-06-17&pageNo=
2017-06-18,http://www.cninfo.com.cn/search/search.jsp?noticeType=010301&startTime=2017-06-18&endTime=2017-06-18&pageNo=
2017-06-19,http://www.cninfo.com.cn/search/search.jsp?noticeType=010301&startTime=2017-06-19&endTime=2017-06-19&pageNo=
2017-06-20,http://www.cninfo.com.cn/search/search.jsp?noticeType=010301&startTime=2017-06-20&endTime=2017-06-20&pageNo=
2017-06-21,http://www.cninfo.com.cn/search/search.jsp?noticeType=010301&startTime=2017-06-21&endTime=2017-06-21&pageNo=
2017-06-22,http://www.cninfo.com.cn/search/search.jsp?noticeType=010301&startTime=2017-06-22&endTime=2017-06-22&pageNo=
2017-06-23,http://www.cninfo.com.cn/search/search.jsp?noticeType=010301&startTime=2017-06-23&endTime=2017-06-23&pageNo=
2017-06-24,http://www.cninfo.com.cn/search/search.jsp?noticeType=010301&startTime=2017-06-24&endTime=2017-06-24&pageNo=
2017-06-25,http://www.cninfo.com.cn/search/search.jsp?noticeType=010301&startTime=2017-06-25&endTime=2017-06-25&pageNo=
2017-06-26,http://www.cninfo.com.cn/search/search.jsp?noticeType=010301&startTime=2017-06-26&endTime=2017-06-26&pageNo=
2017-06-27,http://www.cninfo.com.cn/search/search.jsp?noticeType=010301&startTime=2017-06-27&endTime=2017-06-27&pageNo=
2017-06-28,http://www.cninfo.com.cn/search/search.jsp?noticeType=010301&startTime=2017-06-28&endTime=2017-06-28&pageNo=
2017-06-29,http://www.cninfo.com.cn/search/search.jsp?noticeType=010301&startTime=2017-06-29&endTime=2017-06-29&pageNo=
2017-06-30,http://www.cninfo.com.cn/search/search.jsp?noticeType=010301&startTime=2017-06-30&endTime=2017-06-30&pageNo=
2017-07-01,http://www.cninfo.com.cn/search/search.jsp?noticeType=010301&startTime=2017-07-01&endTime=2017-07-01&pageNo=
2017-07-02,http://www.cninfo.com.cn/search/search.jsp?noticeType=010301&startTime=2017-07-02&endTime=2017-07-02&pageNo=
2017-07-03,http://www.cninfo.com.cn/search/search.jsp?noticeType=010301&startTime=2017-07-03&endTime=2017-07-03&pageNo=
2017-07-04,http://www.cninfo.com.cn/search/search.jsp?noticeType=010301&startTime=2017-07-04&endTime=2017-07-04&pageNo=
2017-07-05,http://www.cninfo.com.cn/search/search.jsp?noticeType=010301&startTime=2017-07-05&endTime=2017-07-05&pageNo=
2017-07-06,http://www.cninfo.com.cn/search/search.jsp?noticeType=010301&startTime=2017-07-06&endTime=2017-07-06&pageNo=
2017-07-07,http://www.cninfo.com.cn/search/search.jsp?noticeType=010301&startTime=2017-07-07&endTime=2017-07-07&pageNo=
2017-07-08,http://www.cninfo.com.cn/search/search.jsp?noticeType=010301&startTime=2017-07-08&endTime=2017-07-08&pageNo=
2017-07-09,http://www.cninfo.com.cn/search/search.jsp?noticeType=010301&startTime=2017-07-09&endTime=2017-07-09&pageNo=
2017-07-10,http://www.cninfo.com.cn/search/search.jsp?noticeType=010301&startTime=2017-07-10&endTime=2017-07-10&pageNo=
2017-07-11,http://www.cninfo.com.cn/search/search.jsp?noticeType=010301&startTime=2017-07-11&endTime=2017-07-11&pageNo=
2017-07-12,http://www.cninfo.com.cn/search/search.jsp?noticeType=010301&startTime=2017-07-12&endTime=2017-07-12&pageNo=
2017-07-13,http://www.cninfo.com.cn/search/search.jsp?noticeType=010301&startTime=2017-07-13&endTime=2017-07-13&pageNo=
2017-07-14,http://www.cninfo.com.cn/search/search.jsp?noticeType=010301&startTime=2017-07-14&endTime=2017-07-14&pageNo=
2017-07-15,http://www.cninfo.com.cn/search/search.jsp?noticeType=010301&startTime=2017-07-15&endTime=2017-07-15&pageNo=
2017-07-16,http://www.cninfo.com.cn/search/search.jsp?noticeType=010301&startTime=2017-07-16&endTime=2017-07-16&pageNo=
2017-07-17,http://www.cninfo.com.cn/search/search.jsp?noticeType=010301&startTime=2017-07-17&endTime=2017-07-17&pageNo=
2017-07-18,http://www.cninfo.com.cn/search/search.jsp?noticeType=010301&startTime=2017-07-18&endTime=2017-07-18&pageNo=
2017-07-19,http://www.cninfo.com.cn/search/search.jsp?noticeType=010301&startTime=2017-07-19&endTime=2017-07-19&pageNo=
2017-07-20,http://www.cninfo.com.cn/search/search.jsp?noticeType=010301&startTime=2017-07-20&endTime=2017-07-20&pageNo=
2017-07-21,http://www.cninfo.com.cn/search/search.jsp?noticeType=010301&startTime=2017-07-21&endTime=2017-07-21&pageNo=
2017-07-22,http://www.cninfo.com.cn/search/search.jsp?noticeType=010301&startTime=2017-07-22&endTime=2017-07-22&pageNo=
2017-07-23,http://www.cninfo.com.cn/search/search.jsp?noticeType=010301&startTime=2017-07-23&endTime=2017-07-23&pageNo=
2017-07-24,http://www.cninfo.com.cn/search/search.jsp?noticeType=010301&startTime=2017-07-24&endTime=2017-07-24&pageNo=
2017-07-25,http://www.cninfo.com.cn/search/search.jsp?noticeType=010301&startTime=2017-07-25&endTime=2017-07-25&pageNo=
2017-07-26,http://www.cninfo.com.cn/search/search.jsp?noticeType=010301&startTime=2017-07-26&endTime=2017-07-26&pageNo=
2017-07-27,http://www.cninfo.com.cn/search/search.jsp?noticeType=010301&startTime=2017-07-27&endTime=2017-07-27&pageNo=
2017-07-28,http://www.cninfo.com.cn/search/search.jsp?noticeType=010301&startTime=2017-07-28&endTime=2017-07-28&pageNo=
2017-07-29,http://www.cninfo.com.cn/search/search.jsp?noticeType=010301&startTime=2017-07-29&endTime=2017-07-29&pageNo=
2017-07-30,http://www.cninfo.com.cn/search/search.jsp?noticeType=010301&startTime=2017-07-30&endTime=2017-07-30&pageNo=
2017-07-31,http://www.cninfo.com.cn/search/search.jsp?noticeType=010301&startTime=2017-07-31&endTime=2017-07-31&pageNo=
2017-08-01,http://www.cninfo.com.cn/search/search.jsp?noticeType=010301&startTime=2017-08-01&endTime=2017-08-01&pageNo=
2017-08-02,http://www.cninfo.com.cn/search/search.jsp?noticeType=010301&startTime=2017-08-02&endTime=2017-08-02&pageNo=
2017-08-03,http://www.cninfo.com.cn/search/search.jsp?noticeType=010301&startTime=2017-08-03&endTime=2017-08-03&pageNo=
2017-08-04,http://www.cninfo.com.cn/search/search.jsp?noticeType=010301&startTime=2017-08-04&endTime=2017-08-04&pageNo=
2017-08-05,http://www.cninfo.com.cn/search/search.jsp?noticeType=010301&startTime=2017-08-05&endTime=2017-08-05&pageNo=
2017-08-06,http://www.cninfo.com.cn/search/search.jsp?noticeType=010301&startTime=2017-08-06&endTime=2017-08-06&pageNo=
2017-08-07,http://www.cninfo.com.cn/search/search.jsp?noticeType=010301&startTime=2017-08-07&endTime=2017-08-07&pageNo=
2017-08-08,http://www.cninfo.com.cn/search/search.jsp?noticeType=010301&startTime=2017-08-08&endTime=2017-08-08&pageNo=
2017-08-09,http://www.cninfo.com.cn/search/search.jsp?noticeType=010301&startTime=2017-08-09&endTime=2017-08-09&pageNo=
2017-08-10,http://www.cninfo.com.cn/search/search.jsp?noticeType=010301&startTime=2017-08-10&endTime=2017-08-10&pageNo=
2017-08-11,http://www.cninfo.com.cn/search/search.jsp?noticeType=010301&startTime=2017-08-11&endTime=2017-08-11&pageNo=
2017-08-12,http://www.cninfo.com.cn/search/search.jsp?noticeType=010301&startTime=2017-08-12&endTime=2017-08-12&pageNo=
2017-08-13,http://www.cninfo.com.cn/search/search.jsp?noticeType=010301&startTime=2017-08-13&endTime=2017-08-13&pageNo=
2017-08-14,http://www.cninfo.com.cn/search/search.jsp?noticeType=010301&startTime=2017-08-14&endTime=2017-08-14&pageNo=
2017-08-15,http://www.cninfo.com.cn/search/search.jsp?noticeType=010301&startTime=2017-08-15&endTime=2017-08-15&pageNo=
2017-08-16,http://www.cninfo.com.cn/search/search.jsp?noticeType=010301&startTime=2017-08-16&endTime=2017-08-16&pageNo=
2017-08-17,http://www.cninfo.com.cn/search/search.jsp?noticeType=010301&startTime=2017-08-17&endTime=2017-08-17&pageNo=
2017-08-18,http://www.cninfo.com.cn/search/search.jsp?noticeType=010301&startTime=2017-08-18&endTime=2017-08-18&pageNo=
2017-08-19,http://www.cninfo.com.cn/search/search.jsp?noticeType=010301&startTime=2017-08-19&endTime=2017-08-19&pageNo=
2017-08-20,http://www.cninfo.com.cn/search/search.jsp?noticeType=010301&startTime=2017-08-20&endTime=2017-08-20&pageNo=
2017-08-21,http://www.cninfo.com.cn/search/search.jsp?noticeType=010301&startTime=2017-08-21&endTime=2017-08-21&pageNo=
2017-08-22,http://www.cninfo.com.cn/search/search.jsp?noticeType=010301&startTime=2017-08-22&endTime=2017-08-22&pageNo=
2017-08-23,http://www.cninfo.com.cn/search/search.jsp?noticeType=010301&startTime=2017-08-23&endTime=2017-08-23&pageNo=
2017-08-24,http://www.cninfo.com.cn/search/search.jsp?noticeType=010301&startTime=2017-08-24&endTime=2017-08-24&pageNo=
2017-08-25,http://www.cninfo.com.cn/search/search.jsp?noticeType=010301&startTime=2017-08-25&endTime=2017-08-25&pageNo=
2017-08-26,http://www.cninfo.com.cn/search/search.jsp?noticeType=010301&startTime=2017-08-26&endTime=2017-08-26&pageNo=
2017-08-27,http://www.cninfo.com.cn/search/search.jsp?noticeType=010301&startTime=2017-08-27&endTime=2017-08-27&pageNo=
2017-08-28,http://www.cninfo.com.cn/search/search.jsp?noticeType=010301&startTime=2017-08-28&endTime=2017-08-28&pageNo=
2017-08-29,http://www.cninfo.com.cn/search/search.jsp?noticeType=010301&startTime=2017-08-29&endTime=2017-08-29&pageNo=
2017-08-30,http://www.cninfo.com.cn/search/search.jsp?noticeType=010301&startTime=2017-08-30&endTime=2017-08-30&pageNo=
2017-08-31,http://www.cninfo.com.cn/search/search.jsp?noticeType=010301&startTime=2017-08-31&endTime=2017-08-31&pageNo=
2017-09-01,http://www.cninfo.com.cn/search/search.jsp?noticeType=010301&startTime=2017-09-01&endTime=2017-09-01&pageNo=
2017-09-02,http://www.cninfo.com.cn/search/search.jsp?noticeType=010301&startTime=2017-09-02&endTime=2017-09-02&pageNo=
2017-09-03,http://www.cninfo.com.cn/search/search.jsp?noticeType=010301&startTime=2017-09-03&endTime=2017-09-03&pageNo=
2017-09-04,http://www.cninfo.com.cn/search/search.jsp?noticeType=010301&startTime=2017-09-04&endTime=2017-09-04&pageNo=
2017-09-05,http://www.cninfo.com.cn/search/search.jsp?noticeType=010301&startTime=2017-09-05&endTime=2017-09-05&pageNo=
2017-09-06,http://www.cninfo.com.cn/search/search.jsp?noticeType=010301&startTime=2017-09-06&endTime=2017-09-06&pageNo=
2017-09-07,http://www.cninfo.com.cn/search/search.jsp?noticeType=010301&startTime=2017-09-07&endTime=2017-09-07&pageNo=
2017-09-08,http://www.cninfo.com.cn/search/search.jsp?noticeType=010301&startTime=2017-09-08&endTime=2017-09-08&pageNo=
2017-09-09,http://www.cninfo.com.cn/search/search.jsp?noticeType=010301&startTime=2017-09-09&endTime=2017-09-09&pageNo=
2017-09-10,http://www.cninfo.com.cn/search/search.jsp?noticeType=010301&startTime=2017-09-10&endTime=2017-09-10&pageNo=
2017-09-11,http://www.cninfo.com.cn/search/search.jsp?noticeType=010301&startTime=2017-09-11&endTime=2017-09-11&pageNo=
2017-09-12,http://www.cninfo.com.cn/search/search.jsp?noticeType=010301&startTime=2017-09-12&endTime=2017-09-12&pageNo=
2017-09-13,http://www.cninfo.com.cn/search/search.jsp?noticeType=010301&startTime=2017-09-13&endTime=2017-09-13&pageNo=
2017-09-14,http://www.cninfo.com.cn/search/search.jsp?noticeType=010301&startTime=2017-09-14&endTime=2017-09-14&pageNo=
2017-09-15,http://www.cninfo.com.cn/search/search.jsp?noticeType=010301&startTime=2017-09-15&endTime=2017-09-15&pageNo=
2017-09-16,http://www.cninfo.com.cn/search/search.jsp?noticeType=010301&startTime=2017-09-16&endTime=2017-09-16&pageNo=
2017-09-17,http://www.cninfo.com.cn/search/search.jsp?noticeType=010301&startTime=2017-09-17&endTime=2017-09-17&pageNo=
2017-09-18,http://www.cninfo.com.cn/search/search.jsp?noticeType=010301&startTime=2017-09-18&endTime=2017-09-18&pageNo=
2017-09-19,http://www.cninfo.com.cn/search/search.jsp?noticeType=010301&startTime=2017-09-19&endTime=2017-09-19&pageNo=
2017-09-20,http://www.cninfo.com.cn/search/search.jsp?noticeType=010301&startTime=2017-09-20&endTime=2017-09-20&pageNo=
2017-09-21,http://www.cninfo.com.cn/search/search.jsp?noticeType=010301&startTime=2017-09-21&endTime=2017-09-21&pageNo=
2017-09-22,http://www.cninfo.com.cn/search/search.jsp?noticeType=010301&startTime=2017-09-22&endTime=2017-09-22&pageNo=
2017-09-23,http://www.cninfo.com.cn/search/search.jsp?noticeType=010301&startTime=2017-09-23&endTime=2017-09-23&pageNo=
2017-09-24,http://www.cninfo.com.cn/search/search.jsp?noticeType=010301&startTime=2017-09-24&endTime=2017-09-24&pageNo=
2017-09-25,http://www.cninfo.com.cn/search/search.jsp?noticeType=010301&startTime=2017-09-25&endTime=2017-09-25&pageNo=
2017-09-26,http://www.cninfo.com.cn/search/search.jsp?noticeType=010301&startTime=2017-09-26&endTime=2017-09-26&pageNo=
2017-09-27,http://www.cninfo.com.cn/search/search.jsp?noticeType=010301&startTime=2017-09-27&endTime=2017-09-27&pageNo=
2017-09-28,http://www.cninfo.com.cn/search/search.jsp?noticeType=010301&startTime=2017-09-28&endTime=2017-09-28&pageNo=
2017-09-29,http://www.cninfo.com.cn/search/search.jsp?noticeType=010301&startTime=2017-09-29&endTime=2017-09-29&pageNo=
2017-09-30,http://www.cninfo.com.cn/search/search.jsp?noticeType=010301&startTime=2017-09-30&endTime=2017-09-30&pageNo=
2017-10-01,http://www.cninfo.com.cn/search/search.jsp?noticeType=010301&startTime=2017-10-01&endTime=2017-10-01&pageNo=
2017-10-02,http://www.cninfo.com.cn/search/search.jsp?noticeType=010301&startTime=2017-10-02&endTime=2017-10-02&pageNo=
2017-10-03,http://www.cninfo.com.cn/search/search.jsp?noticeType=010301&startTime=2017-10-03&endTime=2017-10-03&pageNo=
2017-10-04,http://www.cninfo.com.cn/search/search.jsp?noticeType=010301&startTime=2017-10-04&endTime=2017-10-04&pageNo=
2017-10-05,http://www.cninfo.com.cn/search/search.jsp?noticeType=010301&startTime=2017-10-05&endTime=2017-10-05&pageNo=
2017-10-06,http://www.cninfo.com.cn/search/search.jsp?noticeType=010301&startTime=2017-10-06&endTime=2017-10-06&pageNo=
2017-10-07,http://www.cninfo.com.cn/search/search.jsp?noticeType=010301&startTime=2017-10-07&endTime=2017-10-07&pageNo=
2017-10-08,http://www.cninfo.com.cn/search/search.jsp?noticeType=010301&startTime=2017-10-08&endTime=2017-10-08&pageNo=
2017-10-09,http://www.cninfo.com.cn/search/search.jsp?noticeType=010301&startTime=2017-10-09&endTime=2017-10-09&pageNo=
2017-10-10,http://www.cninfo.com.cn/search/search.jsp?noticeType=010301&startTime=2017-10-10&endTime=2017-10-10&pageNo=
2017-10-11,http://www.cninfo.com.cn/search/search.jsp?noticeType=010301&startTime=2017-10-11&endTime=2017-10-11&pageNo=
2017-10-12,http://www.cninfo.com.cn/search/search.jsp?noticeType=010301&startTime=2017-10-12&endTime=2017-10-12&pageNo=
2017-10-13,http://www.cninfo.com.cn/search/search.jsp?noticeType=010301&startTime=2017-10-13&endTime=2017-10-13&pageNo=
2017-10-14,http://www.cninfo.com.cn/search/search.jsp?noticeType=010301&startTime=2017-10-14&endTime=2017-10-14&pageNo=
2017-10-15,http://www.cninfo.com.cn/search/search.jsp?noticeType=010301&startTime=2017-10-15&endTime=2017-10-15&pageNo=
2017-10-16,http://www.cninfo.com.cn/search/search.jsp?noticeType=010301&startTime=2017-10-16&endTime=2017-10-16&pageNo=
2017-10-17,http://www.cninfo.com.cn/search/search.jsp?noticeType=010301&startTime=2017-10-17&endTime=2017-10-17&pageNo=
2017-10-18,http://www.cninfo.com.cn/search/search.jsp?noticeType=010301&startTime=2017-10-18&endTime=2017-10-18&pageNo=
2017-10-19,http://www.cninfo.com.cn/search/search.jsp?noticeType=010301&startTime=2017-10-19&endTime=2017-10-19&pageNo=
2017-10-20,http://www.cninfo.com.cn/search/search.jsp?noticeType=010301&startTime=2017-10-20&endTime=2017-10-20&pageNo=
2017-10-21,http://www.cninfo.com.cn/search/search.jsp?noticeType=010301&startTime=2017-10-21&endTime=2017-10-21&pageNo=
2017-10-22,http://www.cninfo.com.cn/search/search.jsp?noticeType=010301&startTime=2017-10-22&endTime=2017-10-22&pageNo=
2017-10-23,http://www.cninfo.com.cn/search/search.jsp?noticeType=010301&startTime=2017-10-23&endTime=2017-10-23&pageNo=
2017-10-24,http://www.cninfo.com.cn/search/search.jsp?noticeType=010301&startTime=2017-10-24&endTime=2017-10-24&pageNo=
2017-10-25,http://www.cninfo.com.cn/search/search.jsp?noticeType=010301&startTime=2017-10-25&endTime=2017-10-25&pageNo=
2017-10-26,http://www.cninfo.com.cn/search/search.jsp?noticeType=010301&startTime=2017-10-26&endTime=2017-10-26&pageNo=
2017-10-27,http://www.cninfo.com.cn/search/search.jsp?noticeType=010301&startTime=2017-10-27&endTime=2017-10-27&pageNo=
2017-10-28,http://www.cninfo.com.cn/search/search.jsp?noticeType=010301&startTime=2017-10-28&endTime=2017-10-28&pageNo=
2017-10-29,http://www.cninfo.com.cn/search/search.jsp?noticeType=010301&startTime=2017-10-29&endTime=2017-10-29&pageNo=
2017-10-30,http://www.cninfo.com.cn/search/search.jsp?noticeType=010301&startTime=2017-10-30&endTime=2017-10-30&pageNo=
2017-10-31,http://www.cninfo.com.cn/search/search.jsp?noticeType=010301&startTime=2017-10-31&endTime=2017-10-31&pageNo=
2017-11-01,http://www.cninfo.com.cn/search/search.jsp?noticeType=010301&startTime=2017-11-01&endTime=2017-11-01&pageNo=
2017-11-02,http://www.cninfo.com.cn/search/search.jsp?noticeType=010301&startTime=2017-11-02&endTime=2017-11-02&pageNo=
2017-11-03,http://www.cninfo.com.cn/search/search.jsp?noticeType=010301&startTime=2017-11-03&endTime=2017-11-03&pageNo=
2017-11-04,http://www.cninfo.com.cn/search/search.jsp?noticeType=010301&startTime=2017-11-04&endTime=2017-11-04&pageNo=
2017-11-05,http://www.cninfo.com.cn/search/search.jsp?noticeType=010301&startTime=2017-11-05&endTime=2017-11-05&pageNo=
2017-11-06,http://www.cninfo.com.cn/search/search.jsp?noticeType=010301&startTime=2017-11-06&endTime=2017-11-06&pageNo=
2017-11-07,http://www.cninfo.com.cn/search/search.jsp?noticeType=010301&startTime=2017-11-07&endTime=2017-11-07&pageNo=
2017-11-08,http://www.cninfo.com.cn/search/search.jsp?noticeType=010301&startTime=2017-11-08&endTime=2017-11-08&pageNo=
2017-11-09,http://www.cninfo.com.cn/search/search.jsp?noticeType=010301&startTime=2017-11-09&endTime=2017-11-09&pageNo=
2017-11-10,http://www.cninfo.com.cn/search/search.jsp?noticeType=010301&startTime=2017-11-10&endTime=2017-11-10&pageNo=
2017-11-11,http://www.cninfo.com.cn/search/search.jsp?noticeType=010301&startTime=2017-11-11&endTime=2017-11-11&pageNo=
2017-11-12,http://www.cninfo.com.cn/search/search.jsp?noticeType=010301&startTime=2017-11-12&endTime=2017-11-12&pageNo=
2017-11-13,http://www.cninfo.com.cn/search/search.jsp?noticeType=010301&startTime=2017-11-13&endTime=2017-11-13&pageNo=
2017-11-14,http://www.cninfo.com.cn/search/search.jsp?noticeType=010301&startTime=2017-11-14&endTime=2017-11-14&pageNo=
2017-11-15,http://www.cninfo.com.cn/search/search.jsp?noticeType=010301&startTime=2017-11-15&endTime=2017-11-15&pageNo=
2017-11-16,http://www.cninfo.com.cn/search/search.jsp?noticeType=010301&startTime=2017-11-16&endTime=2017-11-16&pageNo=
2017-11-17,http://www.cninfo.com.cn/search/search.jsp?noticeType=010301&startTime=2017-11-17&endTime=2017-11-17&pageNo=
2017-11-18,http://www.cninfo.com.cn/search/search.jsp?noticeType=010301&startTime=2017-11-18&endTime=2017-11-18&pageNo=
2017-11-19,http://www.cninfo.com.cn/search/search.jsp?noticeType=010301&startTime=2017-11-19&endTime=2017-11-19&pageNo=
2017-11-20,http://www.cninfo.com.cn/search/search.jsp?noticeType=010301&startTime=2017-11-20&endTime=2017-11-20&pageNo=
2017-11-21,http://www.cninfo.com.cn/search/search.jsp?noticeType=010301&startTime=2017-11-21&endTime=2017-11-21&pageNo=
2017-11-22,http://www.cninfo.com.cn/search/search.jsp?noticeType=010301&startTime=2017-11-22&endTime=2017-11-22&pageNo=
2017-11-23,http://www.cninfo.com.cn/search/search.jsp?noticeType=010301&startTime=2017-11-23&endTime=2017-11-23&pageNo=
2017-11-24,http://www.cninfo.com.cn/search/search.jsp?noticeType=010301&startTime=2017-11-24&endTime=2017-11-24&pageNo=
2017-11-25,http://www.cninfo.com.cn/search/search.jsp?noticeType=010301&startTime=2017-11-25&endTime=2017-11-25&pageNo=
2017-11-26,http://www.cninfo.com.cn/search/search.jsp?noticeType=010301&startTime=2017-11-26&endTime=2017-11-26&pageNo=
2017-11-27,http://www.cninfo.com.cn/search/search.jsp?noticeType=010301&startTime=2017-11-27&endTime=2017-11-27&pageNo=
2017-11-28,http://www.cninfo.com.cn/search/search.jsp?noticeType=010301&startTime=2017-11-28&endTime=2017-11-28&pageNo=
2017-11-29,http://www.cninfo.com.cn/search/search.jsp?noticeType=010301&startTime=2017-11-29&endTime=2017-11-29&pageNo=
2017-11-30,http://www.cninfo.com.cn/search/search.jsp?noticeType=010301&startTime=2017-11-30&endTime=2017-11-30&pageNo=
2017-12-01,http://www.cninfo.com.cn/search/search.jsp?noticeType=010301&startTime=2017-12-01&endTime=2017-12-01&pageNo=
2017-12-02,http://www.cninfo.com.cn/search/search.jsp?noticeType=010301&startTime=2017-12-02&endTime=2017-12-02&pageNo=
2017-12-03,http://www.cninfo.com.cn/search/search.jsp?noticeType=010301&startTime=2017-12-03&endTime=2017-12-03&pageNo=
2017-12-04,http://www.cninfo.com.cn/search/search.jsp?noticeType=010301&startTime=2017-12-04&endTime=2017-12-04&pageNo=
2017-12-05,http://www.cninfo.com.cn/search/search.jsp?noticeType=010301&startTime=2017-12-05&endTime=2017-12-05&pageNo=
2017-12-06,http://www.cninfo.com.cn/search/search.jsp?noticeType=010301&startTime=2017-12-06&endTime=2017-12-06&pageNo=
2017-12-07,http://www.cninfo.com.cn/search/search.jsp?noticeType=010301&startTime=2017-12-07&endTime=2017-12-07&pageNo=
2017-12-08,http://www.cninfo.com.cn/search/search.jsp?noticeType=010301&startTime=2017-12-08&endTime=2017-12-08&pageNo=
2017-12-09,http://www.cninfo.com.cn/search/search.jsp?noticeType=010301&startTime=2017-12-09&endTime=2017-12-09&pageNo=
2017-12-10,http://www.cninfo.com.cn/search/search.jsp?noticeType=010301&startTime=2017-12-10&endTime=2017-12-10&pageNo=
2017-12-11,http://www.cninfo.com.cn/search/search.jsp?noticeType=010301&startTime=2017-12-11&endTime=2017-12-11&pageNo=
2017-12-12,http://www.cninfo.com.cn/search/search.jsp?noticeType=010301&startTime=2017-12-12&endTime=2017-12-12&pageNo=
2017-12-13,http://www.cninfo.com.cn/search/search.jsp?noticeType=010301&startTime=2017-12-13&endTime=2017-12-13&pageNo=
2017-12-14,http://www.cninfo.com.cn/search/search.jsp?noticeType=010301&startTime=2017-12-14&endTime=2017-12-14&pageNo=
2017-12-15,http://www.cninfo.com.cn/search/search.jsp?noticeType=010301&startTime=2017-12-15&endTime=2017-12-15&pageNo=
2017-12-16,http://www.cninfo.com.cn/search/search.jsp?noticeType=010301&startTime=2017-12-16&endTime=2017-12-16&pageNo=
2017-12-17,http://www.cninfo.com.cn/search/search.jsp?noticeType=010301&startTime=2017-12-17&endTime=2017-12-17&pageNo=
2017-12-18,http://www.cninfo.com.cn/search/search.jsp?noticeType=010301&startTime=2017-12-18&endTime=2017-12-18&pageNo=
2017-12-19,http://www.cninfo.com.cn/search/search.jsp?noticeType=010301&startTime=2017-12-19&endTime=2017-12-19&pageNo=
2017-12-20,http://www.cninfo.com.cn/search/search.jsp?noticeType=010301&startTime=2017-12-20&endTime=2017-12-20&pageNo=
2017-12-21,http://www.cninfo.com.cn/search/search.jsp?noticeType=010301&startTime=2017-12-21&endTime=2017-12-21&pageNo=
2017-12-22,http://www.cninfo.com.cn/search/search.jsp?noticeType=010301&startTime=2017-12-22&endTime=2017-12-22&pageNo=
2017-12-23,http://www.cninfo.com.cn/search/search.jsp?noticeType=010301&startTime=2017-12-23&endTime=2017-12-23&pageNo=
2017-12-24,http://www.cninfo.com.cn/search/search.jsp?noticeType=010301&startTime=2017-12-24&endTime=2017-12-24&pageNo=
2017-12-25,http://www.cninfo.com.cn/search/search.jsp?noticeType=010301&startTime=2017-12-25&endTime=2017-12-25&pageNo=
2017-12-26,http://www.cninfo.com.cn/search/search.jsp?noticeType=010301&startTime=2017-12-26&endTime=2017-12-26&pageNo=
2017-12-27,http://www.cninfo.com.cn/search/search.jsp?noticeType=010301&startTime=2017-12-27&endTime=2017-12-27&pageNo=
2017-12-28,http://www.cninfo.com.cn/search/search.jsp?noticeType=010301&startTime=2017-12-28&endTime=2017-12-28&pageNo=
2017-12-29,http://www.cninfo.com.cn/search/search.jsp?noticeType=010301&startTime=2017-12-29&endTime=2017-12-29&pageNo=
2017-12-30,http://www.cninfo.com.cn/search/search.jsp?noticeType=010301&startTime=2017-12-30&endTime=2017-12-30&pageNo=
2017-12-31,http://www.cninfo.com.cn/search/search.jsp?noticeType=010301&startTime=2017-12-31&endTime=2017-12-31&pageNo=
2018-01-01,http://www.cninfo.com.cn/search/search.jsp?noticeType=010301&startTime=2018-01-01&endTime=2018-01-01&pageNo=
2018-01-02,http://www.cninfo.com.cn/search/search.jsp?noticeType=010301&startTime=2018-01-02&endTime=2018-01-02&pageNo=
2018-01-03,http://www.cninfo.com.cn/search/search.jsp?noticeType=010301&startTime=2018-01-03&endTime=2018-01-03&pageNo=
2018-01-04,http://www.cninfo.com.cn/search/search.jsp?noticeType=010301&startTime=2018-01-04&endTime=2018-01-04&pageNo=
2018-01-05,http://www.cninfo.com.cn/search/search.jsp?noticeType=010301&startTime=2018-01-05&endTime=2018-01-05&pageNo=
2018-01-06,http://www.cninfo.com.cn/search/search.jsp?noticeType=010301&startTime=2018-01-06&endTime=2018-01-06&pageNo=
2018-01-07,http://www.cninfo.com.cn/search/search.jsp?noticeType=010301&startTime=2018-01-07&endTime=2018-01-07&pageNo=
2018-01-08,http://www.cninfo.com.cn/search/search.jsp?noticeType=010301&startTime=2018-01-08&endTime=2018-01-08&pageNo=
2018-01-09,http://www.cninfo.com.cn/search/search.jsp?noticeType=010301&startTime=2018-01-09&endTime=2018-01-09&pageNo=
2018-01-10,http://www.cninfo.com.cn/search/search.jsp?noticeType=010301&startTime=2018-01-10&endTime=2018-01-10&pageNo=
2018-01-11,http://www.cninfo.com.cn/search/search.jsp?noticeType=010301&startTime=2018-01-11&endTime=2018-01-11&pageNo=
2018-01-12,http://www.cninfo.com.cn/search/search.jsp?noticeType=010301&startTime=2018-01-12&endTime=2018-01-12&pageNo=
2018-01-13,http://www.cninfo.com.cn/search/search.jsp?noticeType=010301&startTime=2018-01-13&endTime=2018-01-13&pageNo=
2018-01-14,http://www.cninfo.com.cn/search/search.jsp?noticeType=010301&startTime=2018-01-14&endTime=2018-01-14&pageNo=
2018-01-15,http://www.cninfo.com.cn/search/search.jsp?noticeType=010301&startTime=2018-01-15&endTime=2018-01-15&pageNo=
2018-01-16,http://www.cninfo.com.cn/search/search.jsp?noticeType=010301&startTime=2018-01-16&endTime=2018-01-16&pageNo=
2018-01-17,http://www.cninfo.com.cn/search/search.jsp?noticeType=010301&startTime=2018-01-17&endTime=2018-01-17&pageNo=
2018-01-18,http://www.cninfo.com.cn/search/search.jsp?noticeType=010301&startTime=2018-01-18&endTime=2018-01-18&pageNo=
2018-01-19,http://www.cninfo.com.cn/search/search.jsp?noticeType=010301&startTime=2018-01-19&endTime=2018-01-19&pageNo=
2018-01-20,http://www.cninfo.com.cn/search/search.jsp?noticeType=010301&startTime=2018-01-20&endTime=2018-01-20&pageNo=
2018-01-21,http://www.cninfo.com.cn/search/search.jsp?noticeType=010301&startTime=2018-01-21&endTime=2018-01-21&pageNo=
2018-01-22,http://www.cninfo.com.cn/search/search.jsp?noticeType=010301&startTime=2018-01-22&endTime=2018-01-22&pageNo=
2018-01-23,http://www.cninfo.com.cn/search/search.jsp?noticeType=010301&startTime=2018-01-23&endTime=2018-01-23&pageNo=
2018-01-24,http://www.cninfo.com.cn/search/search.jsp?noticeType=010301&startTime=2018-01-24&endTime=2018-01-24&pageNo=
2018-01-25,http://www.cninfo.com.cn/search/search.jsp?noticeType=010301&startTime=2018-01-25&endTime=2018-01-25&pageNo=
2018-01-26,http://www.cninfo.com.cn/search/search.jsp?noticeType=010301&startTime=2018-01-26&endTime=2018-01-26&pageNo=
2018-01-27,http://www.cninfo.com.cn/search/search.jsp?noticeType=010301&startTime=2018-01-27&endTime=2018-01-27&pageNo=
2018-01-28,http://www.cninfo.com.cn/search/search.jsp?noticeType=010301&startTime=2018-01-28&endTime=2018-01-28&pageNo=
2018-01-29,http://www.cninfo.com.cn/search/search.jsp?noticeType=010301&startTime=2018-01-29&endTime=2018-01-29&pageNo=
2018-01-30,http://www.cninfo.com.cn/search/search.jsp?noticeType=010301&startTime=2018-01-30&endTime=2018-01-30&pageNo=
2018-01-31,http://www.cninfo.com.cn/search/search.jsp?noticeType=010301&startTime=2018-01-31&endTime=2018-01-31&pageNo=
2018-02-01,http://www.cninfo.com.cn/search/search.jsp?noticeType=010301&startTime=2018-02-01&endTime=2018-02-01&pageNo=
2018-02-02,http://www.cninfo.com.cn/search/search.jsp?noticeType=010301&startTime=2018-02-02&endTime=2018-02-02&pageNo=
2018-02-03,http://www.cninfo.com.cn/search/search.jsp?noticeType=010301&startTime=2018-02-03&endTime=2018-02-03&pageNo=
2018-02-04,http://www.cninfo.com.cn/search/search.jsp?noticeType=010301&startTime=2018-02-04&endTime=2018-02-04&pageNo=
2018-02-05,http://www.cninfo.com.cn/search/search.jsp?noticeType=010301&startTime=2018-02-05&endTime=2018-02-05&pageNo=
2018-02-06,http://www.cninfo.com.cn/search/search.jsp?noticeType=010301&startTime=2018-02-06&endTime=2018-02-06&pageNo=
2018-02-07,http://www.cninfo.com.cn/search/search.jsp?noticeType=010301&startTime=2018-02-07&endTime=2018-02-07&pageNo=
2018-02-08,http://www.cninfo.com.cn/search/search.jsp?noticeType=010301&startTime=2018-02-08&endTime=2018-02-08&pageNo=
2018-02-09,http://www.cninfo.com.cn/search/search.jsp?noticeType=010301&startTime=2018-02-09&endTime=2018-02-09&pageNo=
2018-02-10,http://www.cninfo.com.cn/search/search.jsp?noticeType=010301&startTime=2018-02-10&endTime=2018-02-10&pageNo=
2018-02-11,http://www.cninfo.com.cn/search/search.jsp?noticeType=010301&startTime=2018-02-11&endTime=2018-02-11&pageNo=
2018-02-12,http://www.cninfo.com.cn/search/search.jsp?noticeType=010301&startTime=2018-02-12&endTime=2018-02-12&pageNo=
2018-02-13,http://www.cninfo.com.cn/search/search.jsp?noticeType=010301&startTime=2018-02-13&endTime=2018-02-13&pageNo=
2018-02-14,http://www.cninfo.com.cn/search/search.jsp?noticeType=010301&startTime=2018-02-14&endTime=2018-02-14&pageNo=
2018-02-15,http://www.cninfo.com.cn/search/search.jsp?noticeType=010301&startTime=2018-02-15&endTime=2018-02-15&pageNo=
2018-02-16,http://www.cninfo.com.cn/search/search.jsp?noticeType=010301&startTime=2018-02-16&endTime=2018-02-16&pageNo=
2018-02-17,http://www.cninfo.com.cn/search/search.jsp?noticeType=010301&startTime=2018-02-17&endTime=2018-02-17&pageNo=
2018-02-18,http://www.cninfo.com.cn/search/search.jsp?noticeType=010301&startTime=2018-02-18&endTime=2018-02-18&pageNo=
2018-02-19,http://www.cninfo.com.cn/search/search.jsp?noticeType=010301&startTime=2018-02-19&endTime=2018-02-19&pageNo=
2018-02-20,http://www.cninfo.com.cn/search/search.jsp?noticeType=010301&startTime=2018-02-20&endTime=2018-02-20&pageNo=
2018-02-21,http://www.cninfo.com.cn/search/search.jsp?noticeType=010301&startTime=2018-02-21&endTime=2018-02-21&pageNo=
2018-02-22,http://www.cninfo.com.cn/search/search.jsp?noticeType=010301&startTime=2018-02-22&endTime=2018-02-22&pageNo=
2018-02-23,http://www.cninfo.com.cn/search/search.jsp?noticeType=010301&startTime=2018-02-23&endTime=2018-02-23&pageNo=
2018-02-24,http://www.cninfo.com.cn/search/search.jsp?noticeType=010301&startTime=2018-02-24&endTime=2018-02-24&pageNo=
2018-02-25,http://www.cninfo.com.cn/search/search.jsp?noticeType=010301&startTime=2018-02-25&endTime=2018-02-25&pageNo=
